temperature,humidity,ph,label
27.3,72.5,6.3,cabai_rawit
28.1,68.9,6.1,cabai_rawit
26.5,75.2,6.5,cabai_rawit
29.0,70.0,6.0,cabai_rawit
27.8,73.8,6.4,cabai_rawit
25.9,71.4,5.8,cabai_rawit
28.5,69.7,6.2,cabai_rawit
26.8,74.1,6.6,cabai_rawit
27.0,72.0,5.5,cabai_rawit
29.3,67.5,6.0,cabai_rawit
28.2,70.8,6.3,cabai_rawit
26.1,73.3,6.7,cabai_rawit
27.6,71.9,5.9,cabai_rawit
28.8,68.2,6.1,cabai_rawit
25.5,76.0,6.4,cabai_rawit
29.5,66.8,5.7,cabai_rawit
27.4,74.5,6.5,cabai_rawit
26.3,72.7,6.0,cabai_rawit
28.0,69.4,6.2,cabai_rawit
27.9,71.1,6.8,cabai_rawit
26.7,73.6,5.6,cabai_rawit
29.1,68.0,6.3,cabai_rawit
25.8,75.8,6.1,cabai_rawit
28.3,70.3,6.4,cabai_rawit
27.2,72.2,6.6,cabai_rawit
26.0,74.9,5.8,cabai_rawit
28.7,67.9,6.0,cabai_rawit
27.5,73.0,6.5,cabai_rawit
29.2,69.1,6.2,cabai_rawit
26.4,71.6,6.7,cabai_rawit
28.6,70.5,6.3,cabai_rawit
27.1,72.8,5.9,cabai_rawit
25.7,75.4,6.1,cabai_rawit
29.4,68.6,6.4,cabai_rawit
26.9,73.9,6.0,cabai_rawit
28.4,69.8,6.6,cabai_rawit
27.7,71.5,5.7,cabai_rawit
26.2,74.3,6.2,cabai_rawit
28.9,67.3,6.5,cabai_rawit
27.3,72.1,6.8,cabai_rawit
25.6,76.2,6.0,cabai_rawit
29.6,66.5,6.3,cabai_rawit
26.6,73.4,6.1,cabai_rawit
28.1,70.9,5.8,cabai_rawit
27.8,71.7,6.4,cabai_rawit
26.3,74.6,6.6,cabai_rawit
28.5,68.4,6.2,cabai_rawit
27.0,73.1,5.5,cabai_rawit
29.0,69.5,6.0,cabai_rawit
26.8,72.3,6.7,cabai_rawit
27.5,70.6,6.3,cabai_keriting
28.2,68.0,6.1,cabai_keriting
26.3,73.5,6.5,cabai_keriting
29.1,69.2,5.9,cabai_keriting
27.9,72.4,6.4,cabai_keriting
25.8,74.8,6.0,cabai_keriting
28.6,67.3,6.2,cabai_keriting
26.7,75.1,6.6,cabai_keriting
27.3,71.8,5.6,cabai_keriting
29.4,66.9,6.3,cabai_keriting
28.0,70.2,6.1,cabai_keriting
26.5,73.0,6.7,cabai_keriting
27.7,72.6,5.8,cabai_keriting
28.8,68.5,6.0,cabai_keriting
25.5,76.3,6.4,cabai_keriting
29.6,67.0,5.7,cabai_keriting
27.4,74.0,6.5,cabai_keriting
26.1,72.9,6.2,cabai_keriting
28.3,69.7,6.0,cabai_keriting
27.8,71.3,6.8,cabai_keriting
26.9,73.7,5.5,cabai_keriting
29.2,68.1,6.3,cabai_keriting
25.7,75.5,6.1,cabai_keriting
28.4,70.0,6.4,cabai_keriting
27.1,72.5,6.6,cabai_keriting
26.0,74.2,5.9,cabai_keriting
28.7,67.6,6.2,cabai_keriting
27.6,73.3,6.5,cabai_keriting
29.3,69.4,6.0,cabai_keriting
26.4,71.9,6.7,cabai_keriting
28.5,70.7,6.3,cabai_keriting
27.2,72.0,5.8,cabai_keriting
25.9,75.0,6.1,cabai_keriting
29.5,68.8,6.4,cabai_keriting
26.8,73.8,6.0,cabai_keriting
28.1,69.9,6.6,cabai_keriting
27.7,71.2,5.7,cabai_keriting
26.2,74.5,6.2,cabai_keriting
29.0,67.4,6.5,cabai_keriting
27.4,72.8,6.8,cabai_keriting
25.6,76.0,6.0,cabai_keriting
29.7,66.2,6.3,cabai_keriting
26.6,73.2,6.1,cabai_keriting
28.2,71.0,5.8,cabai_keriting
27.9,71.6,6.4,cabai_keriting
26.3,74.7,6.6,cabai_keriting
28.6,68.2,6.2,cabai_keriting
27.0,73.4,5.5,cabai_keriting
29.1,69.0,6.0,cabai_keriting
26.9,72.1,6.7,cabai_keriting
27.5,71.4,6.3,cabai_keriting
24.5,72.0,6.2,tomat
25.8,69.5,6.0,tomat
23.9,74.3,6.5,tomat
26.2,68.1,5.8,tomat
24.0,73.7,6.4,tomat
25.3,70.9,6.1,tomat
23.5,75.0,6.6,tomat
26.8,67.8,5.9,tomat
24.7,72.5,6.3,tomat
25.0,71.2,6.0,tomat
23.8,74.8,6.7,tomat
26.5,68.4,5.7,tomat
24.3,73.1,6.2,tomat
25.6,70.3,6.4,tomat
23.2,75.5,6.5,tomat
27.0,67.0,5.8,tomat
24.9,72.8,6.1,tomat
25.1,71.6,6.0,tomat
23.6,74.5,6.6,tomat
26.3,68.7,5.9,tomat
24.1,73.4,6.3,tomat
25.5,70.0,6.2,tomat
23.4,75.2,6.8,tomat
26.7,67.5,5.6,tomat
24.6,72.3,6.4,tomat
25.2,71.0,6.0,tomat
23.7,74.6,6.5,tomat
26.0,68.9,5.8,tomat
24.8,72.7,6.1,tomat
25.4,70.5,6.3,tomat
23.3,75.3,6.7,tomat
26.4,68.2,5.7,tomat
24.2,73.5,6.2,tomat
25.7,70.1,6.4,tomat
23.1,75.8,6.5,tomat
27.2,66.8,5.9,tomat
24.4,73.0,6.0,tomat
25.9,69.8,6.6,tomat
23.0,76.0,6.3,tomat
26.6,67.3,5.8,tomat
24.0,73.9,6.1,tomat
25.3,71.4,6.4,tomat
23.5,74.7,6.7,tomat
26.1,68.6,5.6,tomat
24.7,72.2,6.2,tomat
25.0,70.8,6.0,tomat
23.8,74.1,6.5,tomat
26.9,67.1,5.9,tomat
24.5,72.9,6.3,tomat
25.6,70.4,6.1,tomat
22.5,78.0,6.3,bayam
23.8,75.5,6.5,bayam
21.9,80.2,6.0,bayam
24.2,74.1,6.7,bayam
22.0,79.5,6.2,bayam
23.5,76.8,6.4,bayam
21.5,81.0,6.1,bayam
24.8,73.5,6.8,bayam
22.7,77.5,6.3,bayam
23.0,76.2,6.5,bayam
21.8,80.5,6.0,bayam
24.5,74.0,7.0,bayam
22.3,78.3,6.2,bayam
23.6,75.9,6.6,bayam
21.2,81.5,6.1,bayam
25.0,73.0,6.9,bayam
22.9,77.0,6.4,bayam
23.1,76.5,6.5,bayam
21.6,80.8,6.0,bayam
24.3,74.3,6.7,bayam
22.1,79.0,6.3,bayam
23.4,76.1,6.4,bayam
21.4,81.2,6.8,bayam
24.6,73.8,7.0,bayam
22.6,77.8,6.2,bayam
23.2,76.0,6.5,bayam
21.7,80.3,6.1,bayam
24.0,74.5,6.6,bayam
22.8,77.2,6.3,bayam
23.3,76.4,6.9,bayam
21.3,81.3,6.0,bayam
24.7,73.6,6.7,bayam
22.2,78.5,6.2,bayam
23.7,75.7,6.4,bayam
21.1,81.8,6.1,bayam
25.2,72.8,6.8,bayam
22.4,78.1,6.5,bayam
23.9,75.3,6.0,bayam
21.0,82.0,6.3,bayam
24.4,74.2,6.6,bayam
22.0,79.3,6.4,bayam
23.5,76.6,6.5,bayam
21.5,80.7,6.2,bayam
24.9,73.2,6.9,bayam
22.7,77.6,6.1,bayam
23.0,76.3,6.7,bayam
21.8,80.0,6.0,bayam
24.1,74.8,6.8,bayam
22.5,78.2,6.3,bayam
23.6,75.8,6.5,bayam
22.0,78.5,6.2,kangkung
23.5,76.0,6.0,kangkung
24.8,73.2,6.5,kangkung
21.5,80.3,5.8,kangkung
25.0,72.5,6.3,kangkung
22.8,77.0,6.1,kangkung
24.2,74.8,6.6,kangkung
21.0,81.5,5.7,kangkung
25.5,71.8,6.4,kangkung
23.0,76.5,6.0,kangkung
22.3,79.0,6.2,kangkung
24.5,73.5,6.5,kangkung
21.8,80.0,5.9,kangkung
25.2,72.0,6.3,kangkung
23.3,76.2,6.1,kangkung
24.0,74.5,6.7,kangkung
21.3,81.0,5.6,kangkung
25.8,71.0,6.4,kangkung
22.5,78.2,6.0,kangkung
23.8,75.5,6.5,kangkung
22.1,79.5,6.2,kangkung
24.7,73.0,6.6,kangkung
21.6,80.5,5.8,kangkung
25.3,72.3,6.3,kangkung
23.1,76.8,6.0,kangkung
24.3,74.2,6.7,kangkung
21.2,81.2,5.7,kangkung
25.6,71.5,6.4,kangkung
22.7,77.5,6.1,kangkung
23.6,75.8,6.5,kangkung
22.4,78.8,6.2,kangkung
24.9,72.8,6.6,kangkung
21.7,80.2,5.9,kangkung
25.0,72.2,6.3,kangkung
23.4,76.0,6.0,kangkung
24.1,74.6,6.7,kangkung
21.4,81.3,5.6,kangkung
25.4,71.3,6.4,kangkung
22.6,77.8,6.1,kangkung
23.9,75.2,6.5,kangkung
22.2,79.2,6.2,kangkung
24.6,73.3,6.6,kangkung
21.9,80.0,5.8,kangkung
25.1,72.0,6.3,kangkung
23.2,76.4,6.0,kangkung
24.4,74.0,6.7,kangkung
21.1,81.6,5.7,kangkung
25.7,71.2,6.4,kangkung
22.8,77.2,6.1,kangkung
23.7,75.6,6.5,kangkung
22.5,78.5,6.2,kangkung
20.5,78.0,6.3,selada
21.8,75.5,6.5,selada
19.9,80.2,6.0,selada
22.2,74.1,6.7,selada
20.0,79.5,6.2,selada
21.5,76.8,6.4,selada
19.5,81.0,6.1,selada
22.8,73.5,6.8,selada
20.7,77.5,6.3,selada
21.0,76.2,6.5,selada
19.8,80.5,6.0,selada
22.5,74.0,7.0,selada
20.3,78.3,6.2,selada
21.6,75.9,6.6,selada
19.2,81.5,6.1,selada
23.0,73.0,6.9,selada
20.9,77.0,6.4,selada
21.1,76.5,6.5,selada
19.6,80.8,6.0,selada
22.3,74.3,6.7,selada
20.1,79.0,6.3,selada
21.4,76.1,6.4,selada
19.4,81.2,6.8,selada
22.6,73.8,7.0,selada
20.6,77.8,6.2,selada
21.2,76.0,6.5,selada
19.7,80.3,6.1,selada
22.0,74.5,6.6,selada
20.8,77.2,6.3,selada
21.3,76.4,6.9,selada
19.3,81.3,6.0,selada
22.7,73.6,6.7,selada
20.2,78.5,6.2,selada
21.7,75.7,6.4,selada
19.1,81.8,6.1,selada
23.2,72.8,6.8,selada
20.4,78.1,6.5,selada
21.9,75.3,6.0,selada
19.0,82.0,6.3,selada
22.4,74.2,6.6,selada
20.0,79.3,6.4,selada
21.5,76.6,6.5,selada
19.5,80.7,6.2,selada
22.9,73.2,6.9,selada
20.7,77.6,6.1,selada
21.0,76.3,6.7,selada
19.8,80.0,6.0,selada
22.1,74.8,6.8,selada
20.5,78.2,6.3,selada
21.6,75.8,6.5,selada
26.0,68.5,6.2,terong
27.3,65.0,6.0,terong
25.5,71.3,6.5,terong
28.0,63.8,5.8,terong
26.5,69.7,6.4,terong
27.8,64.5,6.1,terong
25.0,72.0,6.6,terong
28.5,62.5,5.9,terong
26.8,68.0,6.3,terong
27.0,66.2,6.0,terong
25.8,70.5,6.7,terong
28.2,63.0,5.7,terong
26.3,69.1,6.2,terong
27.5,65.3,6.4,terong
25.2,71.5,6.5,terong
28.8,62.0,5.8,terong
26.9,67.5,6.1,terong
27.1,66.8,6.0,terong
25.6,70.8,6.6,terong
28.3,63.3,5.9,terong
26.1,69.4,6.3,terong
27.4,65.0,6.2,terong
25.4,71.2,6.8,terong
28.6,62.3,5.6,terong
26.6,68.8,6.4,terong
27.2,66.0,6.0,terong
25.7,70.3,6.5,terong
28.0,63.9,6.1,terong
26.8,67.7,6.3,terong
27.3,65.4,6.7,terong
25.3,71.3,6.0,terong
28.7,62.1,5.7,terong
26.2,69.5,6.2,terong
27.7,64.7,6.4,terong
25.1,72.0,6.5,terong
29.0,61.5,5.9,terong
26.4,69.0,6.0,terong
27.9,64.0,6.6,terong
25.0,72.5,6.3,terong
28.4,63.5,5.8,terong
26.0,70.0,6.4,terong
27.5,65.5,6.2,terong
25.5,71.0,6.7,terong
28.1,63.2,5.6,terong
26.7,68.3,6.3,terong
27.0,66.5,6.0,terong
25.9,70.6,6.5,terong
28.3,63.0,5.9,terong
26.5,69.2,6.1,terong
27.6,64.8,6.4,terong
25.0,73.0,6.2,timun
26.3,70.5,6.0,timun
24.5,75.3,6.5,timun
27.0,68.8,5.8,timun
25.5,72.0,6.4,timun
26.8,69.5,6.1,timun
24.0,76.0,6.6,timun
27.5,67.5,6.0,timun
25.8,71.5,6.3,timun
26.0,70.2,6.5,timun
24.8,74.5,6.0,timun
27.2,68.0,5.9,timun
25.3,72.8,6.2,timun
26.5,69.8,6.4,timun
24.2,75.5,6.5,timun
27.8,67.0,5.8,timun
25.9,71.0,6.1,timun
26.1,70.8,6.0,timun
24.6,74.8,6.6,timun
27.3,68.3,5.9,timun
25.1,73.0,6.3,timun
26.4,70.0,6.2,timun
24.4,75.2,6.8,timun
27.6,67.3,5.7,timun
25.6,72.3,6.4,timun
26.2,70.0,6.0,timun
24.7,74.6,6.5,timun
27.0,68.9,6.1,timun
25.8,71.8,6.3,timun
26.3,70.5,6.7,timun
24.3,75.3,6.0,timun
27.7,67.2,5.9,timun
25.2,72.5,6.2,timun
26.7,69.5,6.4,timun
24.1,76.0,6.5,timun
28.0,66.8,5.8,timun
25.4,72.0,6.0,timun
26.9,69.0,6.6,timun
24.0,76.5,6.3,timun
27.4,67.8,5.9,timun
25.0,73.5,6.4,timun
26.5,70.2,6.2,timun
24.5,75.0,6.7,timun
27.1,68.5,5.7,timun
25.7,71.3,6.3,timun
26.0,70.5,6.0,timun
24.9,74.2,6.5,timun
27.3,68.0,6.1,timun
25.5,72.0,6.4,timun
26.8,69.3,6.6,timun
24.3,71.0,6.3,bawang_merah
25.6,68.5,6.0,bawang_merah
23.8,73.3,6.5,bawang_merah
26.0,67.1,5.8,bawang_merah
24.8,70.7,6.4,bawang_merah
25.3,69.5,6.1,bawang_merah
23.5,72.0,6.6,bawang_merah
26.5,66.5,5.9,bawang_merah
24.5,71.5,6.3,bawang_merah
25.0,69.2,6.5,bawang_merah
23.9,73.0,6.0,bawang_merah
26.2,67.4,6.7,bawang_merah
24.1,72.3,6.2,bawang_merah
25.5,68.9,6.4,bawang_merah
23.2,74.0,6.5,bawang_merah
26.8,66.0,5.8,bawang_merah
24.7,71.0,6.1,bawang_merah
25.1,69.6,6.0,bawang_merah
23.6,72.8,6.6,bawang_merah
26.3,67.3,5.9,bawang_merah
24.0,72.5,6.3,bawang_merah
25.4,69.0,6.2,bawang_merah
23.4,73.5,6.8,bawang_merah
26.6,66.3,5.7,bawang_merah
24.6,71.3,6.4,bawang_merah
25.2,69.0,6.0,bawang_merah
23.7,72.6,6.5,bawang_merah
26.0,67.8,6.1,bawang_merah
24.8,70.8,6.3,bawang_merah
25.3,69.4,6.7,bawang_merah
23.3,73.8,6.0,bawang_merah
26.7,66.2,5.9,bawang_merah
24.2,72.0,6.2,bawang_merah
25.7,68.7,6.4,bawang_merah
23.1,74.2,6.5,bawang_merah
27.0,65.8,5.8,bawang_merah
24.4,71.5,6.0,bawang_merah
25.9,68.0,6.6,bawang_merah
23.0,74.5,6.3,bawang_merah
26.4,67.0,5.9,bawang_merah
24.0,72.3,6.4,bawang_merah
25.5,69.2,6.2,bawang_merah
23.5,73.0,6.7,bawang_merah
26.1,67.5,5.6,bawang_merah
24.7,70.5,6.3,bawang_merah
25.0,69.8,6.0,bawang_merah
23.8,72.5,6.5,bawang_merah
26.9,66.0,5.9,bawang_merah
24.5,71.2,6.1,bawang_merah
25.6,68.4,6.4,bawang_merah
22.0,70.0,6.5,bawang_putih
23.3,67.5,6.2,bawang_putih
21.5,72.3,6.8,bawang_putih
24.0,66.1,6.0,bawang_putih
22.5,69.7,6.5,bawang_putih
23.8,67.0,6.3,bawang_putih
21.0,73.0,7.0,bawang_putih
24.5,65.5,5.9,bawang_putih
22.8,69.0,6.5,bawang_putih
23.0,68.2,6.2,bawang_putih
21.8,71.5,6.8,bawang_putih
24.2,66.4,6.7,bawang_putih
22.3,70.3,6.4,bawang_putih
23.5,67.9,6.5,bawang_putih
20.8,73.5,7.0,bawang_putih
24.8,65.0,5.8,bawang_putih
22.7,69.5,6.3,bawang_putih
23.1,68.5,6.2,bawang_putih
21.6,72.0,6.8,bawang_putih
24.3,66.3,6.0,bawang_putih
22.1,70.5,6.5,bawang_putih
23.4,67.5,6.4,bawang_putih
21.2,72.8,7.2,bawang_putih
24.6,65.3,5.7,bawang_putih
22.6,69.8,6.5,bawang_putih
23.2,68.0,6.2,bawang_putih
21.7,71.8,6.8,bawang_putih
24.0,66.8,6.3,bawang_putih
22.8,69.2,6.5,bawang_putih
23.3,67.4,6.9,bawang_putih
21.3,72.5,6.8,bawang_putih
24.7,65.2,5.9,bawang_putih
22.2,70.0,6.4,bawang_putih
23.7,67.2,6.5,bawang_putih
20.9,73.2,7.0,bawang_putih
25.0,64.8,5.8,bawang_putih
22.4,69.5,6.2,bawang_putih
23.9,66.8,6.6,bawang_putih
21.0,73.5,6.8,bawang_putih
24.4,65.8,6.0,bawang_putih
22.0,70.5,6.5,bawang_putih
23.5,67.8,6.3,bawang_putih
21.5,72.0,7.0,bawang_putih
24.1,66.5,5.9,bawang_putih
22.7,69.0,6.5,bawang_putih
23.0,68.3,6.2,bawang_putih
21.8,71.5,6.8,bawang_putih
24.8,65.0,6.0,bawang_putih
22.5,69.5,6.4,bawang_putih
23.6,67.0,6.7,bawang_putih
26.0,75.5,6.3,sawi
27.3,72.0,6.0,sawi
25.5,78.0,6.5,sawi
28.0,70.5,5.8,sawi
26.5,76.2,6.4,sawi
27.8,71.0,6.1,sawi
25.0,79.0,6.6,sawi
28.5,69.5,5.9,sawi
26.8,75.0,6.3,sawi
27.0,73.2,6.5,sawi
25.8,77.5,6.0,sawi
28.2,70.0,6.7,sawi
26.3,76.0,6.2,sawi
27.5,72.5,6.4,sawi
25.2,78.5,6.5,sawi
28.8,69.0,5.8,sawi
26.9,74.5,6.1,sawi
27.1,73.8,6.0,sawi
25.6,77.8,6.6,sawi
28.3,70.3,5.9,sawi
26.1,76.5,6.3,sawi
27.4,72.0,6.2,sawi
25.4,78.2,6.8,sawi
28.6,69.3,5.6,sawi
26.6,75.8,6.4,sawi
27.2,73.0,6.0,sawi
25.7,77.3,6.5,sawi
28.0,70.8,6.1,sawi
26.8,74.8,6.3,sawi
27.3,72.4,6.7,sawi
25.3,78.3,6.0,sawi
28.7,69.1,5.7,sawi
26.2,76.2,6.2,sawi
27.7,71.5,6.4,sawi
25.1,79.0,6.5,sawi
29.0,68.5,5.9,sawi
26.4,75.5,6.0,sawi
27.9,70.5,6.6,sawi
25.0,79.5,6.3,sawi
28.4,69.8,5.8,sawi
26.0,76.8,6.4,sawi
27.5,72.5,6.2,sawi
25.5,77.5,6.7,sawi
28.1,70.2,5.6,sawi
26.7,75.0,6.3,sawi
27.0,73.5,6.0,sawi
25.9,77.0,6.5,sawi
28.3,70.0,5.9,sawi
26.5,75.5,6.1,sawi
27.6,72.0,6.4,sawi
27.0,72.0,6.3,kacang_panjang
28.3,69.5,6.0,kacang_panjang
26.5,74.5,6.5,kacang_panjang
29.0,67.8,5.8,kacang_panjang
27.5,71.5,6.4,kacang_panjang
28.8,68.5,6.1,kacang_panjang
26.0,75.0,6.6,kacang_panjang
29.5,66.5,5.9,kacang_panjang
27.8,70.8,6.3,kacang_panjang
28.0,69.2,6.5,kacang_panjang
26.8,73.5,6.0,kacang_panjang
29.2,67.0,6.7,kacang_panjang
27.3,72.5,6.2,kacang_panjang
28.5,68.9,6.4,kacang_panjang
26.2,74.8,6.5,kacang_panjang
29.8,66.0,5.8,kacang_panjang
27.9,70.5,6.1,kacang_panjang
28.1,69.8,6.0,kacang_panjang
26.6,74.0,6.6,kacang_panjang
29.3,67.3,5.9,kacang_panjang
27.1,72.8,6.3,kacang_panjang
28.4,69.0,6.2,kacang_panjang
26.4,74.2,6.8,kacang_panjang
29.6,66.3,5.7,kacang_panjang
27.6,71.3,6.4,kacang_panjang
28.2,69.0,6.0,kacang_panjang
26.7,73.8,6.5,kacang_panjang
29.0,68.0,6.1,kacang_panjang
27.8,71.0,6.3,kacang_panjang
28.3,69.4,6.7,kacang_panjang
26.3,74.5,6.0,kacang_panjang
29.7,66.2,5.9,kacang_panjang
27.2,72.3,6.2,kacang_panjang
28.7,68.5,6.4,kacang_panjang
26.1,75.2,6.5,kacang_panjang
30.0,65.8,5.8,kacang_panjang
27.4,72.0,6.0,kacang_panjang
28.9,67.5,6.6,kacang_panjang
26.0,75.5,6.3,kacang_panjang
29.4,66.8,5.9,kacang_panjang
27.0,73.0,6.4,kacang_panjang
28.5,69.2,6.2,kacang_panjang
26.5,74.0,6.7,kacang_panjang
29.1,67.5,5.7,kacang_panjang
27.7,71.0,6.3,kacang_panjang
28.0,70.0,6.0,kacang_panjang
26.9,73.5,6.5,kacang_panjang
29.3,67.0,6.1,kacang_panjang
27.5,71.8,6.4,kacang_panjang
28.8,68.0,6.6,kacang_panjang
25.5,72.0,6.5,seledri
26.8,69.5,6.2,seledri
24.9,74.3,6.8,seledri
27.2,68.1,6.0,seledri
25.0,73.5,6.5,seledri
26.5,70.0,6.3,seledri
24.5,75.0,6.7,seledri
27.5,67.5,5.9,seledri
25.8,71.5,6.5,seledri
26.0,70.2,6.2,seledri
24.8,74.0,6.8,seledri
27.0,68.5,6.6,seledri
25.3,72.8,6.4,seledri
26.5,69.8,6.5,seledri
24.2,75.5,6.7,seledri
27.8,67.0,5.8,seledri
25.9,71.0,6.3,seledri
26.1,70.8,6.2,seledri
24.6,74.5,6.8,seledri
27.3,68.3,6.0,seledri
25.1,73.0,6.5,seledri
26.4,70.0,6.4,seledri
24.4,75.2,7.0,seledri
27.6,67.3,5.7,seledri
25.6,72.3,6.5,seledri
26.2,70.0,6.2,seledri
24.7,74.3,6.8,seledri
27.0,68.8,6.3,seledri
25.8,71.5,6.5,seledri
26.3,70.2,6.7,seledri
24.3,75.0,6.5,seledri
27.7,67.2,5.9,seledri
25.2,72.5,6.4,seledri
26.7,69.5,6.5,seledri
24.1,75.8,6.7,seledri
28.0,66.8,5.8,seledri
25.4,72.0,6.2,seledri
26.9,69.0,6.6,seledri
24.0,76.0,6.8,seledri
27.4,67.8,6.0,seledri
25.0,73.5,6.5,seledri
26.5,70.5,6.3,seledri
24.5,74.5,6.8,seledri
27.1,68.5,5.9,seledri
25.7,71.3,6.5,seledri
26.0,70.5,6.2,seledri
24.9,74.0,6.7,seledri
27.3,68.0,6.0,seledri
25.5,72.0,6.5,seledri
26.8,69.3,6.4,seledri
25.5,72.5,6.3,pare
26.8,69.0,6.0,pare
24.9,75.0,6.5,pare
27.2,67.8,5.8,pare
25.0,73.8,6.4,pare
26.5,70.5,6.1,pare
24.5,75.5,6.6,pare
27.5,67.0,5.9,pare
25.8,72.0,6.3,pare
26.0,70.2,6.5,pare
24.8,74.5,6.0,pare
27.0,68.0,6.7,pare
25.3,73.0,6.2,pare
26.5,70.0,6.4,pare
24.2,75.8,6.5,pare
27.8,66.5,5.8,pare
25.9,71.5,6.1,pare
26.1,70.8,6.0,pare
24.6,74.8,6.6,pare
27.3,68.3,5.9,pare
25.1,73.5,6.3,pare
26.4,70.0,6.2,pare
24.4,75.2,6.8,pare
27.6,67.0,5.7,pare
25.6,72.3,6.4,pare
26.2,70.2,6.0,pare
24.7,74.5,6.5,pare
27.0,68.5,6.1,pare
25.8,71.8,6.3,pare
26.3,70.5,6.7,pare
24.3,75.5,6.0,pare
27.7,67.2,5.9,pare
25.2,73.0,6.2,pare
26.7,69.5,6.4,pare
24.1,76.0,6.5,pare
28.0,66.2,5.8,pare
25.4,72.5,6.0,pare
26.9,69.0,6.6,pare
24.0,76.5,6.3,pare
27.4,67.5,5.9,pare
25.0,73.8,6.4,pare
26.5,70.3,6.2,pare
24.5,75.0,6.7,pare
27.1,68.0,5.7,pare
25.7,72.0,6.3,pare
26.0,70.8,6.0,pare
24.9,74.2,6.5,pare
27.3,68.0,6.1,pare
25.5,72.5,6.4,pare
26.8,69.5,6.6,pare
26.5,73.0,6.3,kemangi
27.8,70.5,6.0,kemangi
25.9,75.5,6.5,kemangi
28.2,68.8,5.8,kemangi
26.0,74.5,6.4,kemangi
27.5,71.0,6.1,kemangi
25.5,76.0,6.6,kemangi
28.8,67.5,5.9,kemangi
26.8,73.5,6.3,kemangi
27.0,72.2,6.5,kemangi
25.8,75.0,6.0,kemangi
28.5,68.0,6.7,kemangi
26.3,74.0,6.2,kemangi
27.5,71.5,6.4,kemangi
25.2,76.5,6.5,kemangi
29.0,67.0,5.8,kemangi
26.9,73.0,6.1,kemangi
27.1,72.8,6.0,kemangi
25.6,75.8,6.6,kemangi
28.3,68.3,5.9,kemangi
26.1,74.5,6.3,kemangi
27.4,71.0,6.2,kemangi
25.4,76.2,6.8,kemangi
28.6,67.3,5.6,kemangi
26.6,73.8,6.4,kemangi
27.2,72.0,6.0,kemangi
25.7,75.3,6.5,kemangi
28.0,69.5,6.1,kemangi
26.8,73.0,6.3,kemangi
27.3,71.4,6.7,kemangi
25.3,76.3,6.0,kemangi
28.7,67.1,5.7,kemangi
26.2,74.2,6.2,kemangi
27.7,70.5,6.4,kemangi
25.1,76.8,6.5,kemangi
29.2,66.8,5.9,kemangi
26.4,73.5,6.0,kemangi
27.9,70.0,6.6,kemangi
25.0,77.0,6.3,kemangi
28.4,68.0,5.8,kemangi
26.0,74.8,6.4,kemangi
27.5,71.5,6.2,kemangi
25.5,75.5,6.7,kemangi
28.1,68.5,5.6,kemangi
26.7,73.0,6.3,kemangi
27.0,72.5,6.0,kemangi
25.9,75.0,6.5,kemangi
28.3,68.0,5.9,kemangi
26.5,73.5,6.1,kemangi
27.6,71.0,6.4,kemangi
